id,doi,all_urls,coi_check,coi_check_oi,funding_check,funding_check_oi,open_practices,causal_claims,power,all_p_values,marginal,stat_check,stat_effect_size,stat_p_exact,stat_p_nonsig,ref_pubpeer,ref_replication,ref_retraction,ref_summary,all_urls.time,coi_check.time,coi_check_oi.time,funding_check.time,funding_check_oi.time,open_practices.time,causal_claims.time,power.time,all_p_values.time,marginal.time,stat_check.time,stat_effect_size.time,stat_p_exact.time,stat_p_nonsig.time,ref_pubpeer.time,ref_replication.time,ref_retraction.time,ref_summary.time
0956797613520608,10.1177/0956797613520608,na,green,green,green,green,red,yellow,na,info,green,green,na,green,green,Running the module produced errors: `x` and `y` must share the same src.,na,na,info,,,,,,,,,,,,,,,,,,
0956797614522816,10.1177/0956797614522816,na,green,green,green,green,red,yellow,na,info,green,green,red,green,yellow,Running the module produced errors: `x` and `y` must share the same src.,na,na,info,,,,,,,,,,,,,,,,,,
0956797614527830,10.1177/0956797614527830,info,green,green,green,green,red,yellow,na,info,green,na,na,red,green,Running the module produced errors: `x` and `y` must share the same src.,na,na,info,,,,,,,,,,,,,,,,,,
0956797614557697,10.1177/0956797614557697,info,green,green,green,green,yellow,yellow,yellow,info,green,green,red,red,yellow,na,na,na,info,,,,,,,,,,,,,,,,,,
0956797614560771,10.1177/0956797614560771,na,green,green,green,green,red,green,na,info,green,green,na,red,green,na,na,na,info,,,,,,,,,,,,,,,,,,
0956797614566469,10.1177/0956797614566469,info,green,green,red,green,red,green,na,na,green,na,na,na,green,Running the module produced errors: `x` and `y` must share the same src.,na,na,info,,,,,,,,,,,,,,,,,,
0956797615569001,10.1177/0956797615569001,info,green,green,green,green,yellow,yellow,na,info,green,green,red,red,green,Running the module produced errors: `x` and `y` must share the same src.,na,na,info,,,,,,,,,,,,,,,,,,
0956797615569889,10.1177/0956797615569889,info,green,green,green,green,yellow,yellow,yellow,info,red,green,na,green,yellow,na,na,na,info,,,,,,,,,,,,,,,,,,
0956797615583071,10.1177/0956797615583071,info,green,green,green,green,yellow,green,yellow,info,green,green,red,red,yellow,info,info,na,info,,,,,,,,,,,,,,,,,,
0956797615588467,10.1177/0956797615588467,info,green,green,green,green,red,yellow,yellow,info,green,red,red,red,yellow,na,na,na,info,,,,,,,,,,,,,,,,,,
0956797615603702,10.1177/0956797615603702,na,green,green,green,green,red,yellow,na,info,green,na,na,green,yellow,na,na,na,info,,,,,,,,,,,,,,,,,,
0956797615615584,10.1177/0956797615615584,info,green,green,green,green,red,yellow,na,info,green,green,na,red,yellow,info,info,na,info,,,,,,,,,,,,,,,,,,
0956797615617779,10.1177/0956797615617779,info,green,green,green,green,red,yellow,na,info,red,red,red,green,yellow,na,na,na,info,,,,,,,,,,,,,,,,,,
0956797615620784,10.1177/0956797615620784,info,green,green,red,red,yellow,yellow,yellow,info,green,green,red,green,yellow,na,na,na,info,,,,,,,,,,,,,,,,,,
0956797615625973,10.1177/0956797615625973,info,green,green,green,green,red,green,yellow,info,green,green,red,green,yellow,info,info,na,info,,,,,,,,,,,,,,,,,,
0956797616631990,10.1177/0956797616631990,info,green,green,green,green,green,green,yellow,info,green,na,red,red,yellow,info,na,na,info,,,,,,,,,,,,,,,,,,
0956797616634654,10.1177/0956797616634654,info,green,green,green,green,red,yellow,yellow,info,green,green,na,red,yellow,na,info,na,info,,,,,,,,,,,,,,,,,,
0956797616634665,10.1177/0956797616634665,info,green,green,green,green,red,yellow,na,info,red,na,na,red,yellow,Running the module produced errors: `x` and `y` must share the same src.,na,na,info,,,,,,,,,,,,,,,,,,
0956797616636631,10.1177/0956797616636631,info,green,green,green,green,yellow,yellow,yellow,info,red,red,red,red,yellow,na,na,na,info,,,,,,,,,,,,,,,,,,
0956797616647519,10.1177/0956797616647519,info,green,green,green,green,yellow,green,yellow,info,green,green,red,green,yellow,info,info,na,info,,,,,,,,,,,,,,,,,,
0956797616657319,10.1177/0956797616657319,info,green,green,green,green,red,yellow,na,info,green,green,red,red,yellow,na,na,na,info,,,,,,,,,,,,,,,,,,
0956797616661199,10.1177/0956797616661199,info,green,green,green,green,yellow,green,na,info,green,green,na,red,yellow,na,na,na,info,,,,,,,,,,,,,,,,,,
0956797616663878,10.1177/0956797616663878,info,green,green,red,red,yellow,yellow,na,info,green,na,na,red,yellow,na,info,na,info,,,,,,,,,,,,,,,,,,
0956797616665351,10.1177/0956797616665351,info,green,green,red,red,yellow,green,na,info,green,green,red,green,yellow,na,na,na,info,,,,,,,,,,,,,,,,,,
0956797616667447,10.1177/0956797616667447,info,green,green,green,green,red,yellow,na,info,green,green,red,red,yellow,na,na,na,info,,,,,,,,,,,,,,,,,,
0956797616669994,10.1177/0956797616669994,info,green,green,green,green,red,yellow,yellow,info,green,na,na,green,green,Running the module produced errors: `x` and `y` must share the same src.,na,na,info,,,,,,,,,,,,,,,,,,
0956797616671327,10.1177/0956797616671327,info,green,green,green,green,red,green,yellow,info,green,na,na,red,green,info,na,na,info,,,,,,,,,,,,,,,,,,
0956797616671712,10.1177/0956797616671712,info,green,green,green,green,red,yellow,na,info,green,na,red,red,yellow,na,na,na,info,,,,,,,,,,,,,,,,,,
0956797617692000,10.1177/0956797617692000,info,green,green,green,green,yellow,green,yellow,info,red,green,na,red,yellow,info,info,na,info,,,,,,,,,,,,,,,,,,
0956797617693326,10.1177/0956797617693326,info,green,green,green,green,red,yellow,na,info,green,red,red,red,yellow,info,info,na,info,,,,,,,,,,,,,,,,,,
0956797617694867,10.1177/0956797617694867,info,green,green,green,green,yellow,yellow,yellow,info,green,green,na,green,yellow,na,na,na,info,,,,,,,,,,,,,,,,,,
0956797617702501,10.1177/0956797617702501,info,green,green,green,green,yellow,yellow,yellow,na,green,na,na,na,green,na,na,na,info,,,,,,,,,,,,,,,,,,
0956797617702699,10.1177/0956797617702699,info,green,green,green,green,yellow,yellow,na,info,green,green,red,green,green,na,na,na,info,,,,,,,,,,,,,,,,,,
0956797617705391,10.1177/0956797617705391,info,green,green,green,green,yellow,yellow,yellow,info,green,red,red,green,yellow,na,na,na,info,,,,,,,,,,,,,,,,,,
0956797617705667,10.1177/0956797617705667,info,green,green,green,green,yellow,yellow,na,info,green,green,red,red,yellow,info,na,na,info,,,,,,,,,,,,,,,,,,
0956797617707270,10.1177/0956797617707270,info,green,green,green,green,red,green,yellow,info,green,red,red,green,yellow,info,na,na,info,,,,,,,,,,,,,,,,,,
0956797617710785,10.1177/0956797617710785,info,green,green,green,green,yellow,yellow,yellow,info,green,na,red,green,yellow,na,info,na,info,,,,,,,,,,,,,,,,,,
0956797617714811,10.1177/0956797617714811,info,green,green,red,red,red,green,na,info,green,na,na,green,green,Running the module produced errors: `x` and `y` must share the same src.,na,na,info,,,,,,,,,,,,,,,,,,
0956797617716922,10.1177/0956797617716922,info,green,green,green,green,red,yellow,yellow,info,red,na,na,red,yellow,na,na,na,info,,,,,,,,,,,,,,,,,,
0956797617716929,10.1177/0956797617716929,info,green,green,red,green,yellow,yellow,yellow,info,green,green,red,red,yellow,info,na,na,info,,,,,,,,,,,,,,,,,,
0956797617724435,10.1177/0956797617724435,info,green,green,green,green,yellow,green,yellow,info,red,na,na,red,yellow,na,na,na,info,,,,,,,,,,,,,,,,,,
0956797617736886,10.1177/0956797617736886,info,green,green,red,red,red,yellow,na,info,green,na,na,red,yellow,na,na,na,info,,,,,,,,,,,,,,,,,,
0956797617737129,10.1177/0956797617737129,info,green,green,green,green,yellow,green,yellow,info,green,green,red,red,yellow,info,na,na,info,,,,,,,,,,,,,,,,,,
0956797617739368,10.1177/0956797617739368,info,green,green,red,red,green,green,na,info,green,red,na,green,yellow,na,na,na,info,,,,,,,,,,,,,,,,,,
0956797617740685,10.1177/0956797617740685,info,green,green,green,green,red,green,na,info,green,red,na,green,yellow,na,na,na,info,,,,,,,,,,,,,,,,,,
0956797617744542,10.1177/0956797617744542,info,green,green,green,green,red,yellow,na,info,green,na,na,red,yellow,na,na,na,info,,,,,,,,,,,,,,,,,,
0956797618755322,10.1177/0956797618755322,info,green,green,green,green,yellow,yellow,na,info,green,na,na,green,yellow,na,na,na,info,,,,,,,,,,,,,,,,,,
0956797618760197,10.1177/0956797618760197,info,green,green,green,green,yellow,green,yellow,info,green,green,na,green,yellow,na,na,na,info,,,,,,,,,,,,,,,,,,
0956797618772822,10.1177/0956797618772822,info,green,green,red,green,yellow,yellow,na,info,red,red,red,green,yellow,na,na,na,info,,,,,,,,,,,,,,,,,,
0956797618773095,10.1177/0956797618773095,info,green,green,red,red,red,green,na,info,green,green,na,red,green,na,na,na,info,,,,,,,,,,,,,,,,,,
0956797618785899,10.1177/0956797618785899,info,green,green,green,green,yellow,yellow,yellow,info,red,na,red,green,yellow,info,na,na,info,,,,,,,,,,,,,,,,,,
0956797618795679,10.1177/0956797618795679,info,green,green,red,green,yellow,yellow,yellow,info,green,green,red,green,yellow,info,na,na,info,,,,,,,,,,,,,,,,,,
0956797618796480,10.1177/0956797618796480,info,green,green,green,green,yellow,yellow,na,info,green,na,na,red,yellow,na,na,na,info,,,,,,,,,,,,,,,,,,
0956797618804501,10.1177/0956797618804501,info,green,green,green,green,yellow,yellow,na,na,green,na,na,na,green,na,na,na,info,,,,,,,,,,,,,,,,,,
0956797618815482,10.1177/0956797618815482,na,green,green,green,green,red,green,yellow,info,green,na,na,green,yellow,na,na,na,info,,,,,,,,,,,,,,,,,,
0956797618815488,10.1177/0956797618815488,info,green,green,green,green,red,yellow,na,info,green,na,na,green,yellow,na,na,na,info,,,,,,,,,,,,,,,,,,
0956797618823540,10.1177/0956797618823540,info,green,green,green,green,red,yellow,na,na,green,na,na,na,green,na,na,na,info,,,,,,,,,,,,,,,,,,
0956797619830326,10.1177/0956797619830326,info,green,green,red,red,green,yellow,yellow,info,red,na,na,red,yellow,info,na,na,info,,,,,,,,,,,,,,,,,,
0956797619830329,10.1177/0956797619830329,info,green,green,green,green,yellow,green,na,info,green,green,red,red,yellow,info,na,na,info,,,,,,,,,,,,,,,,,,
0956797619831964,10.1177/0956797619831964,info,green,green,green,green,yellow,yellow,na,info,green,na,na,red,yellow,na,na,na,info,,,,,,,,,,,,,,,,,,
0956797619833325,10.1177/0956797619833325,info,green,green,green,green,red,green,na,na,green,na,na,na,green,na,na,na,info,,,,,,,,,,,,,,,,,,
0956797619835147,10.1177/0956797619835147,info,green,green,green,green,yellow,yellow,yellow,info,green,green,red,green,yellow,Running the module produced errors: `x` and `y` must share the same src.,na,na,info,,,,,,,,,,,,,,,,,,
0956797619837981,10.1177/0956797619837981,info,green,green,green,green,yellow,yellow,na,info,green,red,red,red,yellow,info,na,na,info,,,,,,,,,,,,,,,,,,
0956797619841265,10.1177/0956797619841265,info,green,green,red,green,green,yellow,yellow,info,green,na,na,green,yellow,na,na,na,info,,,,,,,,,,,,,,,,,,
0956797619842261,10.1177/0956797619842261,info,green,green,red,green,green,yellow,yellow,info,red,green,red,red,yellow,na,info,na,info,,,,,,,,,,,,,,,,,,
0956797619842550,10.1177/0956797619842550,info,green,green,green,green,yellow,yellow,yellow,info,green,red,na,green,yellow,na,na,na,info,,,,,,,,,,,,,,,,,,
0956797619844231,10.1177/0956797619844231,info,green,green,green,green,green,green,yellow,info,green,na,na,green,yellow,na,na,na,info,,,,,,,,,,,,,,,,,,
0956797619851753,10.1177/0956797619851753,info,green,green,green,green,red,yellow,na,info,red,green,red,red,yellow,info,na,na,info,,,,,,,,,,,,,,,,,,
0956797619866625,10.1177/0956797619866625,info,green,green,green,green,yellow,yellow,na,info,green,red,red,green,yellow,na,na,na,info,,,,,,,,,,,,,,,,,,
0956797619866627,10.1177/0956797619866627,info,green,green,green,green,green,green,yellow,info,green,na,na,green,yellow,na,na,na,info,,,,,,,,,,,,,,,,,,
0956797619869905,10.1177/0956797619869905,info,green,green,green,green,green,yellow,yellow,info,green,green,red,red,yellow,na,na,na,info,,,,,,,,,,,,,,,,,,
0956797619876260,10.1177/0956797619876260,info,green,green,red,red,yellow,yellow,yellow,info,green,green,red,green,yellow,na,info,na,info,,,,,,,,,,,,,,,,,,
0956797619881134,10.1177/0956797619881134,info,green,green,green,green,yellow,yellow,na,info,red,na,na,red,yellow,na,na,na,info,,,,,,,,,,,,,,,,,,
0956797619890619,10.1177/0956797619890619,info,red,green,green,green,green,green,yellow,na,green,na,na,na,green,na,na,na,info,,,,,,,,,,,,,,,,,,
0956797620903716,10.1177/0956797620903716,info,green,green,red,red,green,green,yellow,info,green,green,na,green,yellow,info,na,na,info,,,,,,,,,,,,,,,,,,
0956797620904450,10.1177/0956797620904450,info,green,green,green,green,red,yellow,yellow,info,green,na,na,red,yellow,info,na,na,info,,,,,,,,,,,,,,,,,,
0956797620904990,10.1177/0956797620904990,info,green,green,green,green,green,green,yellow,na,green,na,na,na,green,info,info,na,info,,,,,,,,,,,,,,,,,,
0956797620915887,10.1177/0956797620915887,info,green,green,green,green,yellow,yellow,yellow,info,green,green,na,red,green,info,na,na,info,,,,,,,,,,,,,,,,,,
0956797620916521,10.1177/0956797620916521,info,green,green,green,green,yellow,green,yellow,info,green,red,red,red,yellow,Running the module produced errors: `x` and `y` must share the same src.,na,na,info,,,,,,,,,,,,,,,,,,
0956797620916782,10.1177/0956797620916782,info,green,green,green,green,red,yellow,na,info,green,na,na,green,green,na,na,na,info,,,,,,,,,,,,,,,,,,
0956797620927648,10.1177/0956797620927648,info,green,green,green,green,yellow,green,yellow,info,green,green,na,green,yellow,na,na,na,info,,,,,,,,,,,,,,,,,,
0956797620927967,10.1177/0956797620927967,info,green,green,green,green,green,green,yellow,info,green,green,na,green,yellow,na,na,na,info,,,,,,,,,,,,,,,,,,
0956797620929297,10.1177/0956797620929297,info,green,green,green,green,red,yellow,yellow,info,green,green,na,red,yellow,na,na,na,info,,,,,,,,,,,,,,,,,,
0956797620929302,10.1177/0956797620929302,info,green,green,green,green,yellow,yellow,yellow,info,green,green,na,green,yellow,na,info,na,info,,,,,,,,,,,,,,,,,,
0956797620931108,10.1177/0956797620931108,info,green,green,green,green,green,green,na,info,green,na,na,red,green,na,na,na,info,,,,,,,,,,,,,,,,,,
0956797620939054,10.1177/0956797620939054,info,green,green,green,green,yellow,green,na,info,green,green,red,red,yellow,info,info,na,info,,,,,,,,,,,,,,,,,,
0956797620941840,10.1177/0956797620941840,info,green,green,green,green,green,green,na,na,green,na,na,na,green,na,na,na,info,,,,,,,,,,,,,,,,,,
0956797620948821,10.1177/0956797620948821,info,green,green,red,green,yellow,green,na,info,green,green,na,green,yellow,Running the module produced errors: `x` and `y` must share the same src.,na,na,info,,,,,,,,,,,,,,,,,,
0956797620951115,10.1177/0956797620951115,info,green,green,green,green,yellow,yellow,yellow,na,green,na,na,na,green,na,na,na,info,,,,,,,,,,,,,,,,,,
0956797620954815,10.1177/0956797620954815,na,green,green,green,green,red,yellow,yellow,info,green,green,red,red,yellow,na,na,na,info,,,,,,,,,,,,,,,,,,
0956797620955209,10.1177/0956797620955209,info,green,green,green,green,green,green,yellow,info,green,red,na,red,yellow,na,na,na,info,,,,,,,,,,,,,,,,,,
0956797620957625,10.1177/0956797620957625,info,green,green,green,green,green,yellow,na,info,red,na,na,green,yellow,na,na,na,info,,,,,,,,,,,,,,,,,,
0956797620958638,10.1177/0956797620958638,info,green,green,green,green,yellow,yellow,yellow,info,red,green,red,green,yellow,na,na,na,info,,,,,,,,,,,,,,,,,,
0956797620958650,10.1177/0956797620958650,info,green,green,green,green,yellow,green,yellow,info,green,green,red,red,yellow,na,na,na,info,,,,,,,,,,,,,,,,,,
0956797620959014,10.1177/0956797620959014,info,green,green,green,green,red,yellow,na,info,green,na,na,red,yellow,na,na,na,info,,,,,,,,,,,,,,,,,,
0956797620959594,10.1177/0956797620959594,info,green,green,green,green,red,green,yellow,info,green,red,na,green,green,na,na,na,info,,,,,,,,,,,,,,,,,,
0956797620960011,10.1177/0956797620960011,info,green,green,green,green,green,green,yellow,info,green,green,red,red,yellow,na,na,na,info,,,,,,,,,,,,,,,,,,
0956797620963615,10.1177/0956797620963615,info,green,green,green,green,green,green,yellow,info,green,green,na,red,yellow,na,na,na,info,,,,,,,,,,,,,,,,,,
0956797620965520,10.1177/0956797620965520,info,red,red,red,green,red,green,yellow,info,red,green,na,red,yellow,info,na,na,info,,,,,,,,,,,,,,,,,,
0956797620965536,10.1177/0956797620965536,info,green,green,red,red,green,green,yellow,info,green,green,na,green,yellow,na,na,na,info,,,,,,,,,,,,,,,,,,
0956797620967261,10.1177/0956797620967261,info,green,green,green,green,yellow,yellow,na,info,green,green,red,green,yellow,na,na,na,info,,,,,,,,,,,,,,,,,,
0956797620968789,10.1177/0956797620968789,info,green,green,green,green,red,yellow,yellow,info,green,green,na,green,yellow,na,na,na,info,,,,,,,,,,,,,,,,,,
0956797620970548,10.1177/0956797620970548,info,green,green,green,green,yellow,green,yellow,info,green,red,red,green,yellow,na,na,na,info,,,,,,,,,,,,,,,,,,
0956797620970559,10.1177/0956797620970559,info,green,green,green,green,yellow,green,yellow,info,green,na,na,red,yellow,na,na,na,info,,,,,,,,,,,,,,,,,,
0956797620971298,10.1177/0956797620971298,info,green,green,red,green,yellow,yellow,yellow,info,green,green,na,green,yellow,na,info,na,info,,,,,,,,,,,,,,,,,,
0956797620971652,10.1177/0956797620971652,info,green,green,green,green,green,yellow,na,na,green,na,na,na,green,na,na,na,info,,,,,,,,,,,,,,,,,,
0956797620972116,10.1177/0956797620972116,info,green,green,green,green,yellow,green,na,info,green,na,na,green,yellow,na,na,na,info,,,,,,,,,,,,,,,,,,
0956797620972688,10.1177/0956797620972688,info,green,green,green,green,red,yellow,na,info,green,na,na,green,yellow,na,na,na,info,,,,,,,,,,,,,,,,,,
0956797620975781,10.1177/0956797620975781,info,green,green,green,green,green,yellow,yellow,info,green,green,na,red,yellow,na,info,na,info,,,,,,,,,,,,,,,,,,
0956797620984464,10.1177/0956797620984464,info,green,green,green,green,yellow,yellow,yellow,info,green,green,red,red,yellow,na,na,na,info,,,,,,,,,,,,,,,,,,
0956797620985832,10.1177/0956797620985832,info,green,green,green,green,green,green,yellow,info,green,green,na,green,yellow,info,na,na,info,,,,,,,,,,,,,,,,,,
09567976211001317,10.1177/09567976211001317,info,green,green,red,green,yellow,green,yellow,na,green,na,na,na,green,info,na,na,info,,,,,,,,,,,,,,,,,,
09567976211005465,10.1177/09567976211005465,info,green,green,green,green,yellow,yellow,na,info,green,green,na,red,yellow,na,na,na,info,,,,,,,,,,,,,,,,,,
09567976211005767,10.1177/09567976211005767,info,green,green,green,green,green,yellow,yellow,info,green,na,na,green,yellow,info,na,na,info,,,,,,,,,,,,,,,,,,
09567976211007414,10.1177/09567976211007414,info,green,green,green,green,green,yellow,yellow,info,green,na,na,green,yellow,na,na,na,info,,,,,,,,,,,,,,,,,,
09567976211007788,10.1177/09567976211007788,info,green,green,red,green,green,green,yellow,info,green,green,na,green,yellow,na,info,na,info,,,,,,,,,,,,,,,,,,
09567976211010718,10.1177/09567976211010718,info,green,green,green,green,green,green,yellow,info,red,na,na,red,yellow,info,info,na,info,,,,,,,,,,,,,,,,,,
09567976211011969,10.1177/09567976211011969,info,red,red,red,green,yellow,green,yellow,info,red,green,red,green,yellow,na,na,na,info,,,,,,,,,,,,,,,,,,
09567976211013045,10.1177/09567976211013045,na,green,green,red,green,red,yellow,yellow,info,green,green,red,green,yellow,info,na,na,info,,,,,,,,,,,,,,,,,,
09567976211015941,10.1177/09567976211015941,info,green,green,green,green,yellow,yellow,yellow,info,green,green,na,green,green,na,na,na,info,,,,,,,,,,,,,,,,,,
09567976211015942,10.1177/09567976211015942,info,red,red,green,green,red,yellow,na,info,green,na,na,green,yellow,na,na,na,info,,,,,,,,,,,,,,,,,,
09567976211016395,10.1177/09567976211016395,info,green,green,green,green,red,green,na,info,green,na,na,red,yellow,na,na,na,info,,,,,,,,,,,,,,,,,,
09567976211016410,10.1177/09567976211016410,info,green,green,green,green,green,yellow,yellow,info,green,na,na,red,yellow,na,na,na,info,,,,,,,,,,,,,,,,,,
09567976211017870,10.1177/09567976211017870,info,green,green,green,green,yellow,green,yellow,info,green,green,na,red,yellow,na,info,na,info,,,,,,,,,,,,,,,,,,
09567976211018618,10.1177/09567976211018618,info,green,green,green,green,green,green,yellow,info,green,green,na,red,yellow,na,na,na,info,,,,,,,,,,,,,,,,,,
09567976211019950,10.1177/09567976211019950,info,green,green,green,green,yellow,green,na,na,green,na,na,na,green,na,na,na,info,,,,,,,,,,,,,,,,,,
09567976211024259,10.1177/09567976211024259,info,green,green,green,green,green,yellow,na,info,red,green,na,green,yellow,na,na,na,info,,,,,,,,,,,,,,,,,,
09567976211024260,10.1177/09567976211024260,info,green,green,green,green,green,yellow,yellow,info,red,na,na,green,green,na,na,na,info,,,,,,,,,,,,,,,,,,
09567976211024535,10.1177/09567976211024535,info,green,green,green,green,green,green,yellow,info,green,red,na,green,yellow,info,info,na,info,,,,,,,,,,,,,,,,,,
09567976211026983,10.1177/09567976211026983,info,green,green,green,green,green,yellow,yellow,info,green,green,na,green,yellow,na,na,na,info,,,,,,,,,,,,,,,,,,
09567976211028978,10.1177/09567976211028978,info,green,green,red,red,yellow,green,yellow,info,red,green,na,red,yellow,info,na,na,info,,,,,,,,,,,,,,,,,,
09567976211030630,10.1177/09567976211030630,info,green,green,green,green,yellow,green,yellow,info,green,red,red,green,yellow,na,na,na,info,,,,,,,,,,,,,,,,,,
09567976211032224,10.1177/09567976211032224,info,green,green,green,green,yellow,green,yellow,info,green,green,red,green,yellow,na,na,na,info,,,,,,,,,,,,,,,,,,
09567976211032676,10.1177/09567976211032676,info,green,green,green,green,yellow,yellow,yellow,info,green,red,na,green,yellow,na,na,na,info,,,,,,,,,,,,,,,,,,
09567976211037971,10.1177/09567976211037971,info,green,green,green,green,yellow,yellow,na,info,green,na,na,red,green,info,na,na,info,,,,,,,,,,,,,,,,,,
09567976211040491,10.1177/09567976211040491,info,green,green,green,green,green,yellow,na,info,green,green,na,green,green,na,na,na,info,,,,,,,,,,,,,,,,,,
09567976211040803,10.1177/09567976211040803,info,green,green,red,green,green,green,yellow,info,green,na,na,red,yellow,na,info,na,info,,,,,,,,,,,,,,,,,,
09567976211043426,10.1177/09567976211043426,info,green,green,green,green,green,yellow,na,na,green,na,na,na,green,info,na,na,info,,,,,,,,,,,,,,,,,,
09567976211043428,10.1177/09567976211043428,info,green,green,green,green,yellow,green,yellow,info,green,green,red,red,yellow,na,na,na,info,,,,,,,,,,,,,,,,,,
09567976211046884,10.1177/09567976211046884,info,green,green,red,red,green,yellow,yellow,na,green,na,na,na,green,na,na,na,info,,,,,,,,,,,,,,,,,,
09567976211048485,10.1177/09567976211048485,info,green,green,green,green,red,yellow,yellow,info,red,green,red,green,yellow,na,na,na,info,,,,,,,,,,,,,,,,,,
09567976211049439,10.1177/09567976211049439,info,green,green,green,green,green,green,yellow,info,green,green,red,green,yellow,na,na,na,info,,,,,,,,,,,,,,,,,,
09567976211051272,10.1177/09567976211051272,info,green,green,red,red,green,yellow,na,info,green,green,na,green,green,info,na,na,info,,,,,,,,,,,,,,,,,,
09567976211052476,10.1177/09567976211052476,info,green,green,green,green,yellow,yellow,yellow,info,green,green,red,green,green,na,na,na,info,,,,,,,,,,,,,,,,,,
09567976211055375,10.1177/09567976211055375,info,green,green,green,green,yellow,green,yellow,info,green,green,na,red,yellow,na,info,na,info,,,,,,,,,,,,,,,,,,
09567976211059801,10.1177/09567976211059801,info,green,green,green,green,green,green,na,info,green,green,red,red,yellow,na,na,na,info,,,,,,,,,,,,,,,,,,
09567976211061321,10.1177/09567976211061321,info,green,green,red,red,yellow,yellow,yellow,info,green,na,na,green,yellow,na,info,na,info,,,,,,,,,,,,,,,,,,
09567976211068045,10.1177/09567976211068045,info,green,green,green,green,green,yellow,na,na,green,na,na,na,green,na,na,na,info,,,,,,,,,,,,,,,,,,
09567976211068070,10.1177/09567976211068070,info,green,green,green,green,red,yellow,yellow,info,green,green,red,green,yellow,info,na,na,info,,,,,,,,,,,,,,,,,,
09567976211068880,10.1177/09567976211068880,info,green,green,green,green,yellow,yellow,yellow,info,green,green,red,green,yellow,na,na,na,info,,,,,,,,,,,,,,,,,,
0956797621991137,10.1177/0956797621991137,info,green,green,green,green,yellow,yellow,yellow,info,green,red,na,red,yellow,na,na,na,info,,,,,,,,,,,,,,,,,,
0956797621991548,10.1177/0956797621991548,info,green,green,green,green,yellow,green,yellow,info,green,green,red,green,yellow,info,info,na,info,,,,,,,,,,,,,,,,,,
0956797621995197,10.1177/0956797621995197,info,green,green,red,red,yellow,yellow,na,info,green,red,na,green,yellow,na,na,na,info,,,,,,,,,,,,,,,,,,
0956797621995202,10.1177/0956797621995202,info,green,green,green,green,green,green,yellow,info,red,red,na,green,yellow,info,na,na,info,,,,,,,,,,,,,,,,,,
0956797621996660,10.1177/0956797621996660,info,green,green,green,green,green,yellow,yellow,info,green,red,na,green,yellow,info,na,na,info,,,,,,,,,,,,,,,,,,
0956797621996667,10.1177/0956797621996667,info,green,green,red,red,yellow,yellow,yellow,info,green,green,na,green,yellow,na,na,na,info,,,,,,,,,,,,,,,,,,
0956797621997350,10.1177/0956797621997350,info,green,green,green,green,green,yellow,na,info,green,na,na,green,yellow,info,na,na,info,,,,,,,,,,,,,,,,,,
0956797621997366,10.1177/0956797621997366,info,green,green,green,green,green,yellow,yellow,info,green,na,na,green,yellow,na,na,na,info,,,,,,,,,,,,,,,,,,
0956797621998312,10.1177/0956797621998312,info,green,green,green,green,green,green,na,na,green,na,na,na,green,na,na,na,info,,,,,,,,,,,,,,,,,,
09567976221079633,10.1177/09567976221079633,info,green,green,green,green,red,yellow,na,info,green,green,na,red,yellow,na,info,na,info,,,,,,,,,,,,,,,,,,
09567976221082637,10.1177/09567976221082637,info,green,green,green,green,green,yellow,yellow,info,green,na,na,green,green,na,info,na,info,,,,,,,,,,,,,,,,,,
09567976221082938,10.1177/09567976221082938,info,green,green,green,green,yellow,yellow,na,info,red,na,na,red,yellow,na,na,na,info,,,,,,,,,,,,,,,,,,
09567976221082941,10.1177/09567976221082941,info,green,green,green,green,green,green,yellow,info,green,na,na,green,yellow,na,na,na,info,,,,,,,,,,,,,,,,,,
09567976221083219,10.1177/09567976221083219,info,green,green,red,green,green,green,yellow,info,green,green,red,red,yellow,info,na,na,info,,,,,,,,,,,,,,,,,,
09567976221086513,10.1177/09567976221086513,info,green,green,green,green,green,green,na,info,red,red,na,red,yellow,na,na,na,info,,,,,,,,,,,,,,,,,,
09567976221089599,10.1177/09567976221089599,info,green,green,green,green,yellow,green,na,info,green,red,na,red,yellow,na,info,na,info,,,,,,,,,,,,,,,,,,
09567976221094036,10.1177/09567976221094036,info,green,green,green,green,green,yellow,na,info,green,green,na,green,yellow,info,na,na,info,,,,,,,,,,,,,,,,,,
09567976221094782,10.1177/09567976221094782,info,green,green,green,green,green,green,yellow,info,green,na,na,green,yellow,info,info,na,info,,,,,,,,,,,,,,,,,,
09567976221101045,10.1177/09567976221101045,info,green,green,green,green,yellow,yellow,na,na,green,na,na,na,green,na,na,na,info,,,,,,,,,,,,,,,,,,
09567976221114055,10.1177/09567976221114055,info,green,green,green,green,yellow,green,yellow,info,green,green,red,red,yellow,na,info,na,info,,,,,,,,,,,,,,,,,,
09567976221116816,10.1177/09567976221116816,info,green,green,green,green,red,green,yellow,info,green,na,na,green,green,na,na,na,info,,,,,,,,,,,,,,,,,,
09567976221116892,10.1177/09567976221116892,info,green,green,red,red,green,yellow,yellow,info,green,na,na,green,yellow,na,info,na,info,,,,,,,,,,,,,,,,,,
09567976221116893,10.1177/09567976221116893,info,green,green,green,red,green,green,yellow,info,green,na,na,green,yellow,info,info,na,info,,,,,,,,,,,,,,,,,,
09567976221119391,10.1177/09567976221119391,info,green,green,green,green,green,yellow,yellow,info,green,green,red,green,yellow,info,na,na,info,,,,,,,,,,,,,,,,,,
09567976221121348,10.1177/09567976221121348,info,green,green,green,green,yellow,green,yellow,info,green,green,na,green,yellow,info,info,na,info,,,,,,,,,,,,,,,,,,
09567976221131519,10.1177/09567976221131519,info,green,green,green,green,green,yellow,yellow,info,green,green,na,green,yellow,info,na,na,info,,,,,,,,,,,,,,,,,,
09567976221131520,10.1177/09567976221131520,info,green,green,green,green,yellow,green,yellow,info,green,green,red,green,yellow,info,na,na,info,,,,,,,,,,,,,,,,,,
09567976221134476,10.1177/09567976221134476,info,green,green,green,green,green,yellow,yellow,info,green,na,na,green,yellow,na,na,na,info,,,,,,,,,,,,,,,,,,
09567976221139496,10.1177/09567976221139496,info,red,red,red,red,red,yellow,na,info,green,green,red,red,yellow,na,na,na,na,,,,,,,,,,,,,,,,,,
09567976221140326,10.1177/09567976221140326,info,green,green,green,green,red,yellow,yellow,na,green,na,na,na,green,na,na,na,info,,,,,,,,,,,,,,,,,,
09567976221140341,10.1177/09567976221140341,info,green,green,green,green,yellow,yellow,yellow,info,green,green,na,green,yellow,na,na,na,info,,,,,,,,,,,,,,,,,,
09567976221145316,10.1177/09567976221145316,info,green,green,green,green,green,yellow,na,info,green,na,na,red,green,info,na,na,info,,,,,,,,,,,,,,,,,,
09567976221147258,10.1177/09567976221147258,info,green,green,red,green,green,yellow,yellow,info,green,green,na,red,yellow,na,na,na,info,,,,,,,,,,,,,,,,,,
09567976221147259,10.1177/09567976221147259,info,green,green,green,green,yellow,yellow,yellow,info,green,green,na,red,yellow,na,na,na,info,,,,,,,,,,,,,,,,,,
09567976221150616,10.1177/09567976221150616,info,green,green,green,green,yellow,green,yellow,info,green,green,red,green,yellow,info,na,info,info,,,,,,,,,,,,,,,,,,
09567976231151581,10.1177/09567976231151581,info,green,green,green,green,red,yellow,yellow,info,green,red,na,green,yellow,na,na,na,info,,,,,,,,,,,,,,,,,,
09567976231154804,10.1177/09567976231154804,info,green,green,green,green,green,yellow,yellow,info,green,red,na,red,yellow,na,na,na,info,,,,,,,,,,,,,,,,,,
09567976231156413,10.1177/09567976231156413,info,green,green,green,green,green,yellow,yellow,info,green,green,na,red,yellow,info,na,na,info,,,,,,,,,,,,,,,,,,
09567976231156793,10.1177/09567976231156793,info,green,green,green,green,green,yellow,yellow,info,green,na,na,green,yellow,info,na,na,info,,,,,,,,,,,,,,,,,,
09567976231158288,10.1177/09567976231158288,info,green,green,red,green,green,green,yellow,info,green,green,na,red,green,na,na,na,info,,,,,,,,,,,,,,,,,,
09567976231158570,10.1177/09567976231158570,info,green,green,red,green,green,green,yellow,info,green,na,na,green,yellow,na,na,na,info,,,,,,,,,,,,,,,,,,
09567976231160098,10.1177/09567976231160098,info,green,green,green,green,red,green,yellow,info,green,green,na,green,green,na,na,na,info,,,,,,,,,,,,,,,,,,
09567976231160702,10.1177/09567976231160702,info,green,green,green,green,red,yellow,yellow,info,green,na,na,green,yellow,info,na,na,info,,,,,,,,,,,,,,,,,,
09567976231161565,10.1177/09567976231161565,info,green,green,green,green,yellow,green,na,info,green,na,na,green,green,na,na,na,info,,,,,,,,,,,,,,,,,,
09567976231164553,10.1177/09567976231164553,info,green,green,green,green,red,yellow,yellow,na,green,na,na,na,green,na,na,na,info,,,,,,,,,,,,,,,,,,
09567976231165267,10.1177/09567976231165267,info,green,green,green,green,green,yellow,yellow,info,green,green,red,red,yellow,na,na,na,info,,,,,,,,,,,,,,,,,,
09567976231170878,10.1177/09567976231170878,info,green,green,green,green,yellow,yellow,yellow,info,green,green,na,red,green,na,na,na,info,,,,,,,,,,,,,,,,,,
09567976231172500,10.1177/09567976231172500,info,green,green,green,green,red,green,yellow,info,red,green,na,green,yellow,na,info,na,info,,,,,,,,,,,,,,,,,,
09567976231173900,10.1177/09567976231173900,info,green,green,green,green,yellow,green,yellow,info,red,green,na,green,yellow,na,na,na,info,,,,,,,,,,,,,,,,,,
09567976231173902,10.1177/09567976231173902,info,green,green,green,green,green,yellow,yellow,info,green,na,red,green,yellow,na,na,na,info,,,,,,,,,,,,,,,,,,
09567976231177968,10.1177/09567976231177968,info,green,green,green,green,green,yellow,yellow,info,green,red,red,green,yellow,info,na,na,info,,,,,,,,,,,,,,,,,,
09567976231179378,10.1177/09567976231179378,info,green,green,green,green,green,green,na,info,green,green,na,red,yellow,na,na,na,info,,,,,,,,,,,,,,,,,,
09567976231180578,10.1177/09567976231180578,info,green,green,green,green,green,green,yellow,info,green,red,na,green,yellow,info,na,na,info,,,,,,,,,,,,,,,,,,
09567976231180588,10.1177/09567976231180588,info,green,green,green,green,green,yellow,na,info,green,na,na,green,green,na,na,na,info,,,,,,,,,,,,,,,,,,
09567976231180881,10.1177/09567976231180881,info,green,green,green,green,yellow,green,na,info,green,green,red,red,yellow,na,na,na,info,,,,,,,,,,,,,,,,,,
09567976231184887,10.1177/09567976231184887,info,green,green,red,red,green,green,yellow,info,green,green,na,green,yellow,na,na,na,info,,,,,,,,,,,,,,,,,,
09567976231185127,10.1177/09567976231185127,info,green,green,green,green,yellow,yellow,yellow,info,green,na,na,red,yellow,na,na,na,info,,,,,,,,,,,,,,,,,,
09567976231185129,10.1177/09567976231185129,info,green,green,red,red,red,yellow,yellow,info,green,na,red,green,green,na,na,na,info,,,,,,,,,,,,,,,,,,
09567976231188107,10.1177/09567976231188107,info,green,green,green,green,green,green,yellow,info,green,red,red,green,yellow,na,na,na,info,,,,,,,,,,,,,,,,,,
09567976231188124,10.1177/09567976231188124,na,red,red,red,red,na,green,na,na,green,na,na,na,green,na,na,na,na,,,,,,,,,,,,,,,,,,
09567976231190546,10.1177/09567976231190546,info,green,green,red,red,yellow,yellow,na,info,green,green,red,green,yellow,info,na,na,info,,,,,,,,,,,,,,,,,,
09567976231192241,10.1177/09567976231192241,info,green,green,green,green,green,green,yellow,info,green,red,na,red,yellow,na,na,na,info,,,,,,,,,,,,,,,,,,
09567976231194221,10.1177/09567976231194221,na,red,red,green,green,red,green,na,info,green,green,red,green,yellow,info,na,info,info,,,,,,,,,,,,,,,,,,
09567976231194590,10.1177/09567976231194590,info,red,red,green,green,yellow,green,yellow,info,green,green,na,green,yellow,info,na,na,info,,,,,,,,,,,,,,,,,,
09567976231196145,10.1177/09567976231196145,info,green,green,green,green,green,yellow,na,info,green,na,na,red,green,na,na,na,info,,,,,,,,,,,,,,,,,,
09567976231198194,10.1177/09567976231198194,info,green,green,green,green,yellow,yellow,yellow,info,green,na,na,green,yellow,na,na,na,info,,,,,,,,,,,,,,,,,,
09567976231198435,10.1177/09567976231198435,info,green,green,red,red,green,green,na,info,red,red,red,green,yellow,na,na,na,info,,,,,,,,,,,,,,,,,,
09567976231199440,10.1177/09567976231199440,info,green,green,green,green,yellow,yellow,yellow,info,green,green,na,green,yellow,Running the module produced errors: `x` and `y` must share the same src.,na,na,info,,,,,,,,,,,,,,,,,,
09567976231203139,10.1177/09567976231203139,info,green,green,red,green,yellow,yellow,na,na,green,na,na,na,green,na,na,na,info,,,,,,,,,,,,,,,,,,
09567976231204035,10.1177/09567976231204035,info,green,green,red,green,yellow,green,na,info,green,red,na,green,yellow,na,na,na,info,,,,,,,,,,,,,,,,,,
09567976231207095,10.1177/09567976231207095,info,green,green,green,green,green,yellow,yellow,info,green,green,red,green,yellow,na,na,na,info,,,,,,,,,,,,,,,,,,
09567976231213572,10.1177/09567976231213572,info,green,green,green,green,yellow,green,na,info,green,na,na,green,yellow,na,na,na,info,,,,,,,,,,,,,,,,,,
09567976231217508,10.1177/09567976231217508,info,red,red,red,red,yellow,yellow,na,na,green,na,na,na,green,na,na,na,na,,,,,,,,,,,,,,,,,,
09567976231218640,10.1177/09567976231218640,info,green,green,green,green,red,green,yellow,info,green,red,red,green,yellow,na,na,na,info,,,,,,,,,,,,,,,,,,
09567976231220902,10.1177/09567976231220902,info,green,green,green,green,yellow,green,yellow,info,green,na,na,red,yellow,na,na,na,info,,,,,,,,,,,,,,,,,,
09567976231221789,10.1177/09567976231221789,info,green,green,green,green,yellow,green,yellow,info,green,red,red,green,yellow,info,na,na,info,,,,,,,,,,,,,,,,,,
09567976231222288,10.1177/09567976231222288,info,green,green,red,red,yellow,green,na,na,green,na,na,na,green,na,na,na,info,,,,,,,,,,,,,,,,,,
09567976231222836,10.1177/09567976231222836,info,green,green,green,green,yellow,yellow,na,info,green,na,na,red,green,na,na,na,info,,,,,,,,,,,,,,,,,,
09567976231223130,10.1177/09567976231223130,info,green,green,green,green,yellow,green,yellow,info,green,red,red,green,yellow,na,na,na,info,,,,,,,,,,,,,,,,,,
09567976231223410,10.1177/09567976231223410,info,green,green,red,red,yellow,yellow,yellow,info,green,red,na,green,yellow,na,na,na,info,,,,,,,,,,,,,,,,,,
09567976241227411,10.1177/09567976241227411,info,green,green,green,green,green,yellow,na,info,green,na,na,red,yellow,na,na,na,info,,,,,,,,,,,,,,,,,,
09567976241228504,10.1177/09567976241228504,info,green,green,green,green,green,green,yellow,info,green,green,na,green,yellow,na,info,na,info,,,,,,,,,,,,,,,,,,
09567976241232891,10.1177/09567976241232891,info,green,green,green,green,green,green,na,info,green,green,na,green,yellow,na,info,na,info,,,,,,,,,,,,,,,,,,
09567976241235931,10.1177/09567976241235931,info,green,green,green,green,red,green,na,info,green,red,red,red,yellow,na,na,na,info,,,,,,,,,,,,,,,,,,
09567976241235932,10.1177/09567976241235932,na,green,green,green,green,red,yellow,yellow,na,green,na,na,na,green,na,na,na,info,,,,,,,,,,,,,,,,,,
09567976241239932,10.1177/09567976241239932,info,green,green,green,green,green,green,yellow,info,green,green,na,green,yellow,na,na,na,info,,,,,,,,,,,,,,,,,,
09567976241239935,10.1177/09567976241239935,info,green,green,green,green,yellow,green,na,info,green,green,red,red,yellow,Running the module produced errors: `x` and `y` must share the same src.,na,na,info,,,,,,,,,,,,,,,,,,
09567976241242105,10.1177/09567976241242105,info,green,green,green,green,yellow,yellow,na,info,green,na,na,red,green,na,na,na,info,,,,,,,,,,,,,,,,,,
09567976241243370,10.1177/09567976241243370,info,green,green,green,green,yellow,yellow,na,info,green,na,na,green,green,na,na,na,info,,,,,,,,,,,,,,,,,,
09567976241245695,10.1177/09567976241245695,info,green,green,red,green,green,yellow,yellow,na,green,na,na,na,green,na,na,na,info,,,,,,,,,,,,,,,,,,
09567976241246561,10.1177/09567976241246561,info,green,green,red,red,green,yellow,na,info,red,green,na,red,yellow,info,na,na,info,,,,,,,,,,,,,,,,,,
09567976241249183,10.1177/09567976241249183,info,green,green,green,green,green,yellow,yellow,info,green,na,na,red,yellow,info,info,info,info,,,,,,,,,,,,,,,,,,
09567976241254312,10.1177/09567976241254312,info,green,green,red,red,green,yellow,yellow,info,green,na,na,green,yellow,na,na,na,info,,,,,,,,,,,,,,,,,,
09567976241258149,10.1177/09567976241258149,info,green,green,green,green,green,yellow,yellow,info,green,green,red,green,yellow,na,na,na,info,,,,,,,,,,,,,,,,,,
09567976241260247,10.1177/09567976241260247,info,green,green,green,green,yellow,green,na,info,green,green,na,red,yellow,info,na,info,info,,,,,,,,,,,,,,,,,,
09567976241263344,10.1177/09567976241263344,info,green,green,green,green,green,yellow,yellow,info,green,red,na,red,yellow,na,na,na,info,,,,,,,,,,,,,,,,,,
09567976241263347,10.1177/09567976241263347,info,green,green,green,green,green,yellow,yellow,info,green,green,red,green,yellow,na,na,na,info,,,,,,,,,,,,,,,,,,
09567976241266516,10.1177/09567976241266516,info,green,green,red,red,green,green,yellow,info,green,green,red,red,yellow,na,info,na,info,,,,,,,,,,,,,,,,,,
09567976241267854,10.1177/09567976241267854,info,green,green,green,green,green,yellow,na,info,green,na,na,green,yellow,na,info,na,info,,,,,,,,,,,,,,,,,,
09567976241279291,10.1177/09567976241279291,info,green,green,green,green,green,yellow,yellow,info,green,red,red,green,yellow,na,na,na,info,,,,,,,,,,,,,,,,,,
